{"cameraMode":{"drawMode":0,"name":"Shaded","section":"Shading Mode"},"sceneLighting":false,"audioPlay":false,"sceneViewState":{"m_AlwaysRefresh":false,"showFog":true,"showSkybox":false,"showFlares":true,"showImageEffects":true,"showParticleSystems":true,"showVisualEffectGraphs":true,"m_FxEnabled":true},"in2DMode":false,"pivot":{"x":-0.35430121421813967,"y":0.6704535484313965,"z":-4.8690714836120609},"rotation":{"x":-0.27666980028152468,"y":0.21699821949005128,"z":-0.0643107071518898,"w":-0.9339717626571655},"size":2.516347885131836,"orthographic":false}