{"cameraMode":{"drawMode":0,"name":"Shaded","section":"Shading Mode"},"sceneLighting":true,"audioPlay":false,"sceneViewState":{"m_AlwaysRefresh":false,"showFog":true,"showSkybox":true,"showFlares":true,"showImageEffects":true,"showParticleSystems":true,"showVisualEffectGraphs":true,"m_FxEnabled":true},"in2DMode":false,"pivot":{"x":455.0075378417969,"y":218.02267456054688,"z":7.8577880859375},"rotation":{"x":-0.003309294581413269,"y":0.005100065842270851,"z":-0.000012187698303023353,"w":-0.999995768070221},"size":264.5229797363281,"orthographic":false}