{"cameraMode":{"drawMode":0,"name":"Shaded","section":"Shading Mode"},"sceneLighting":false,"audioPlay":false,"sceneViewState":{"m_AlwaysRefresh":false,"showFog":true,"showSkybox":false,"showFlares":true,"showImageEffects":true,"showParticleSystems":true,"showVisualEffectGraphs":true,"m_FxEnabled":true},"in2DMode":false,"pivot":{"x":-0.8584027290344238,"y":0.7949343919754028,"z":9.350996017456055},"rotation":{"x":0.29488956928253176,"y":0.022957969456911088,"z":-0.006979790981858969,"w":0.9552891850471497},"size":0.5577247142791748,"orthographic":false}